word,frequency
notic,0.0004270310665100886
ie,0.00032027329988256647
someon,0.001387850966157788
outlin,0.00010675776662752215
googl,0.0002135155332550443
enter,0.0010675776662752215
challeng,0.0004270310665100886
mark,0.00032027329988256647
stabil,0.0002135155332550443
current,0.00032027329988256647
isn,0.00010675776662752215
here,0.00010675776662752215
follow,0.0025621863990605317
involv,0.0006405465997651329
skip,0.0004270310665100886
metal,0.00010675776662752215
graduat,0.00010675776662752215
previou,0.0007473043663926551
colhz,0.00010675776662752215
sub,0.0002135155332550443
start,0.0014946087327853102
doesn,0.00010675776662752215
fact,0.0007473043663926551
later,0.0004270310665100886
nois,0.0005337888331376108
frequent,0.0002135155332550443
repons,0.00010675776662752215
normal,0.0002135155332550443
co,0.0009608198996476993
seri,0.00032027329988256647
ground,0.00010675776662752215
fyi,0.00010675776662752215
signpost,0.00010675776662752215
varianc,0.0002135155332550443
file,0.0002135155332550443
bt,0.00010675776662752215
store,0.00010675776662752215
repetit,0.0007473043663926551
short,0.0004270310665100886
pick,0.0002135155332550443
poles-zero,0.00010675776662752215
retir,0.00010675776662752215
complex,0.002028397565922921
mixer,0.00010675776662752215
delet,0.00010675776662752215
global,0.00010675776662752215
content,0.0004270310665100886
mode,0.00010675776662752215
surpris,0.0006405465997651329
matrix,0.0012810931995302659
reader,0.00010675776662752215
whilst,0.0002135155332550443
pur,0.00010675776662752215
translat,0.0004270310665100886
advoc,0.00010675776662752215
said,0.0012810931995302659
video,0.0018148820326678765
unstabl,0.00010675776662752215
white,0.0002135155332550443
angular,0.00010675776662752215
realis,0.0009608198996476993
indic,0.0004270310665100886
found,0.002241913099177965
quadrat,0.00010675776662752215
shift,0.00032027329988256647
middl,0.00010675776662752215
ill,0.0002135155332550443
wonder,0.0009608198996476993
anoth,0.0006405465997651329
synthes,0.0002135155332550443
simpl,0.0004270310665100886
contribut,0.00010675776662752215
arbitrari,0.0004270310665100886
togeth,0.0008540621330201772
analys,0.0002135155332550443
categori,0.00010675776662752215
wheel,0.0002135155332550443
analog,0.0006405465997651329
time,0.0064054659976513295
definit,0.002668944165688054
patienc,0.00010675776662752215
match,0.0002135155332550443
avoid,0.00032027329988256647
misunderstood,0.00010675776662752215
commun,0.0005337888331376108
thought,0.001387850966157788
catastroph,0.00010675776662752215
oblig,0.00010675776662752215
divers,0.00010675776662752215
thousand,0.00010675776662752215
fair,0.0004270310665100886
promis,0.00010675776662752215
bandlimit,0.0002135155332550443
bit,0.0010675776662752215
network,0.00010675776662752215
martin,0.00032027329988256647
float,0.00032027329988256647
chanc,0.00032027329988256647
etc,0.0006405465997651329
return,0.0002135155332550443
revoir,0.00010675776662752215
pragmat,0.00010675776662752215
hard-deadlin,0.00010675776662752215
interest,0.0019216397992953987
nomin,0.00010675776662752215
reconstructioni,0.00010675776662752215
low-difficulti,0.00010675776662752215
affect,0.0002135155332550443
modern,0.00010675776662752215
requir,0.0009608198996476993
enorm,0.00010675776662752215
ideal,0.0002135155332550443
incomplet,0.00010675776662752215
amount,0.0007473043663926551
compens,0.00010675776662752215
spread,0.00010675776662752215
intersect,0.00010675776662752215
understand,0.007686559197181595
embarrass,0.00010675776662752215
noth,0.0005337888331376108
sinc,0.002135155332550443
sparingli,0.00010675776662752215
swim,0.0005337888331376108
low,0.0006405465997651329
hay,0.00010675776662752215
basic,0.0002135155332550443
ear,0.0004270310665100886
either,0.001387850966157788
speed,0.00010675776662752215
lot,0.001387850966157788
prof,0.00010675776662752215
michael,0.0004270310665100886
correctli,0.0006405465997651329
natur,0.0002135155332550443
jpeg,0.0002135155332550443
instrument,0.0002135155332550443
appendix,0.00010675776662752215
alloc,0.00010675776662752215
limit,0.0008540621330201772
uk,0.00010675776662752215
particular,0.0007473043663926551
add,0.0007473043663926551
none,0.0002135155332550443
which,0.00010675776662752215
mostli,0.00010675776662752215
pitch,0.0002135155332550443
onlin,0.0006405465997651329
book,0.0029892174655706204
reflect,0.0002135155332550443
time-domain,0.0002135155332550443
definitelli,0.0002135155332550443
my,0.0002135155332550443
instead,0.0006405465997651329
coursera,0.00010675776662752215
upsampl,0.00032027329988256647
wherea,0.00032027329988256647
cent,0.00010675776662752215
promin,0.00010675776662752215
accustom,0.00010675776662752215
impuls,0.0004270310665100886
standard,0.0002135155332550443
touch,0.00010675776662752215
card,0.0002135155332550443
sp,0.00010675776662752215
n-period,0.0004270310665100886
din,0.00010675776662752215
conceal,0.00010675776662752215
industri,0.00010675776662752215
stimul,0.00010675776662752215
realiz,0.00032027329988256647
date,0.0009608198996476993
issu,0.00032027329988256647
divis,0.00010675776662752215
parsev,0.0005337888331376108
brief,0.00010675776662752215
resembl,0.00010675776662752215
total,0.0002135155332550443
appli,0.0009608198996476993
interv,0.0007473043663926551
concern,0.00032027329988256647
quantum,0.00010675776662752215
superscript,0.0002135155332550443
ask,0.0014946087327853102
jpg,0.00010675776662752215
sy,0.00032027329988256647
sake,0.00010675776662752215
anyway,0.00032027329988256647
complain,0.0002135155332550443
advanc,0.0009608198996476993
self,0.00010675776662752215
wich,0.0002135155332550443
circumst,0.00010675776662752215
give,0.002668944165688054
download,0.0006405465997651329
harder,0.00010675776662752215
snr,0.00010675776662752215
person,0.0004270310665100886
concept,0.0005337888331376108
speaker,0.00010675776662752215
home,0.00032027329988256647
min,0.00032027329988256647
integr,0.0008540621330201772
variou,0.00010675776662752215
survey,0.00010675776662752215
cdde,0.00010675776662752215
day,0.010569018896124693
fibr,0.00010675776662752215
onto,0.00010675776662752215
alter,0.00032027329988256647
ab,0.0004270310665100886
high,0.0006405465997651329
equat,0.002668944165688054
might,0.0004270310665100886
skype,0.00010675776662752215
inconsist,0.00010675776662752215
intuit,0.0009608198996476993
lambda,0.00010675776662752215
tension,0.00010675776662752215
overthink,0.0002135155332550443
self-test,0.0002135155332550443
smith,0.00032027329988256647
amp,0.00010675776662752215
z-transform,0.0011743354329027437
endors,0.00010675776662752215
againphilip,0.00010675776662752215
modul,0.002775701932315576
best,0.00032027329988256647
upward,0.00010675776662752215
direct,0.0005337888331376108
electron,0.00032027329988256647
emphasis,0.00010675776662752215
phi,0.00010675776662752215
semiton,0.0004270310665100886
shown,0.00032027329988256647
maxu,0.00032027329988256647
slightli,0.0008540621330201772
weak,0.00010675776662752215
fix,0.0005337888331376108
continouo,0.00010675776662752215
frequency-respons,0.0004270310665100886
although,0.0007473043663926551
unit,0.0014946087327853102
pen,0.00010675776662752215
futur,0.0002135155332550443
villani,0.00010675776662752215
thi,0.0002135155332550443
serialis,0.00010675776662752215
dft,0.005337888331376108
beta,0.00010675776662752215
fomula,0.00010675776662752215
stomach,0.00010675776662752215
gap,0.0002135155332550443
support,0.0005337888331376108
deal,0.0002135155332550443
neighborhood,0.00010675776662752215
investig,0.00010675776662752215
sequenc,0.0032027329988256648
enlarg,0.00010675776662752215
influenc,0.00010675776662752215
difficult,0.0002135155332550443
dc,0.00032027329988256647
wagon,0.00010675776662752215
encount,0.00010675776662752215
abnorm,0.00010675776662752215
shaki,0.00010675776662752215
curiou,0.0002135155332550443
music,0.0006405465997651329
wiki,0.00032027329988256647
whole,0.00032027329988256647
linear,0.0007473043663926551
fraction,0.0004270310665100886
brain,0.00010675776662752215
exampl,0.003629764065335753
clarifi,0.0006405465997651329
trivial,0.0002135155332550443
far,0.0014946087327853102
greatli,0.0004270310665100886
overlap,0.00032027329988256647
lagrang,0.0005337888331376108
approach,0.002028397565922921
these,0.00010675776662752215
proof,0.0011743354329027437
channel,0.00010675776662752215
code,0.0008540621330201772
us,0.0010675776662752215
subtract,0.00010675776662752215
sweet,0.00010675776662752215
check-box,0.00010675776662752215
zero-cross,0.00010675776662752215
project,0.0002135155332550443
width,0.0002135155332550443
nearli,0.00010675776662752215
sentiment,0.00010675776662752215
accumul,0.0002135155332550443
lee,0.0002135155332550443
also,0.004270310665100886
bbc,0.00010675776662752215
ehat,0.00010675776662752215
topic,0.0012810931995302659
quizz,0.0008540621330201772
convert,0.0002135155332550443
pole,0.0008540621330201772
certain,0.0006405465997651329
doe,0.00010675776662752215
will,0.00010675776662752215
precis,0.0006405465997651329
keen,0.00010675776662752215
bring,0.0002135155332550443
vector,0.004270310665100886
extrem,0.0002135155332550443
almost,0.00010675776662752215
indent,0.00010675776662752215
ensur,0.00010675776662752215
quickli,0.0002135155332550443
ok,0.0002135155332550443
lowpass,0.00010675776662752215
offer,0.0002135155332550443
announc,0.00010675776662752215
train,0.0006405465997651329
interfac,0.00010675776662752215
shlomit,0.0002135155332550443
choos,0.0010675776662752215
other,0.0004270310665100886
freemat,0.0002135155332550443
constant,0.0005337888331376108
non-bandlimit,0.00010675776662752215
exp,0.00010675776662752215
signatur,0.00010675776662752215
frequency-domain,0.0008540621330201772
colton,0.00010675776662752215
group,0.00032027329988256647
curios,0.00010675776662752215
attent,0.0002135155332550443
constraint,0.00010675776662752215
wideband,0.00010675776662752215
lpf,0.00032027329988256647
hand,0.00032027329988256647
harmon,0.00032027329988256647
common,0.0004270310665100886
type,0.0004270310665100886
produtc,0.00010675776662752215
absolut,0.00032027329988256647
dawn,0.00010675776662752215
seem,0.003523006298708231
stage,0.00010675776662752215
co-prim,0.0002135155332550443
distinguish,0.00010675776662752215
rel,0.00010675776662752215
easiest,0.00010675776662752215
analogu,0.00032027329988256647
roc,0.0004270310665100886
index,0.0009608198996476993
promptli,0.00010675776662752215
guy,0.00010675776662752215
beat,0.0002135155332550443
behind,0.0006405465997651329
acceleromet,0.00010675776662752215
letter,0.00010675776662752215
sub-forum,0.00010675776662752215
mis-typ,0.00010675776662752215
evalu,0.00010675776662752215
caus,0.0004270310665100886
rule,0.00032027329988256647
reductio,0.00010675776662752215
decim,0.0006405465997651329
scale,0.0017081242660403543
friend,0.00010675776662752215
sr,0.00010675776662752215
never,0.00032027329988256647
filter-design,0.00010675776662752215
omega,0.0007473043663926551
particularli,0.0004270310665100886
mind,0.0002135155332550443
view,0.00032027329988256647
paolo,0.00032027329988256647
item,0.00010675776662752215
complic,0.0004270310665100886
albeit,0.00010675776662752215
instanc,0.0004270310665100886
describ,0.0009608198996476993
taken,0.0002135155332550443
bicycl,0.00010675776662752215
pool,0.0005337888331376108
mainli,0.00010675776662752215
special,0.00032027329988256647
homogen,0.0002135155332550443
dirac,0.0002135155332550443
restor,0.0002135155332550443
plt,0.00032027329988256647
hz,0.0007473043663926551
choic,0.001387850966157788
repres,0.0005337888331376108
thx,0.00010675776662752215
disturb,0.00010675776662752215
remark,0.00010675776662752215
color,0.0002135155332550443
bigblock,0.0002135155332550443
optim,0.0002135155332550443
symmetr,0.00010675776662752215
sweep,0.00010675776662752215
mani,0.0018148820326678765
treat,0.00010675776662752215
imag,0.0016013664994128324
elementari,0.00010675776662752215
conceptu,0.0002135155332550443
descript,0.00010675776662752215
wan-teh,0.00010675776662752215
park,0.00010675776662752215
obtain,0.0005337888331376108
decay,0.0005337888331376108
underli,0.00010675776662752215
rubber,0.00010675776662752215
nevertheless,0.0002135155332550443
came,0.0005337888331376108
if,0.0002135155332550443
relationship,0.0009608198996476993
dislik,0.00010675776662752215
field,0.00032027329988256647
regard,0.0025621863990605317
anyon,0.0018148820326678765
capit,0.0004270310665100886
microscop,0.00010675776662752215
without,0.0004270310665100886
pass,0.0008540621330201772
encod,0.00032027329988256647
introduc,0.0004270310665100886
post,0.0012810931995302659
twice,0.0006405465997651329
certainli,0.0002135155332550443
starter,0.00010675776662752215
expans,0.0005337888331376108
vari,0.00010675776662752215
pay,0.00032027329988256647
size,0.00010675776662752215
reinterpret,0.00010675776662752215
origin,0.0012810931995302659
reliabl,0.00010675776662752215
determin,0.00010675776662752215
span,0.00010675776662752215
product,0.0033094907654531865
timestamp,0.00010675776662752215
histori,0.0002135155332550443
cell,0.00010675776662752215
textbook,0.0006405465997651329
less,0.0006405465997651329
zero-everywher,0.00010675776662752215
problem,0.0033094907654531865
cx,0.00010675776662752215
decibel,0.00010675776662752215
print,0.00010675776662752215
present,0.0005337888331376108
jr,0.00010675776662752215
resolv,0.00010675776662752215
pyplot,0.00010675776662752215
ve,0.0006405465997651329
carri,0.00010675776662752215
art,0.00010675776662752215
preview,0.00010675776662752215
overlook,0.00010675776662752215
capabl,0.00010675776662752215
me,0.00010675776662752215
someth,0.0024554286324330096
miss,0.002135155332550443
correct,0.0034162485320807087
display,0.00010675776662752215
atleast,0.00010675776662752215
second,0.002028397565922921
messag,0.0002135155332550443
curriculum,0.00010675776662752215
sir,0.00010675776662752215
hear,0.00032027329988256647
hurri,0.00010675776662752215
cross,0.00010675776662752215
comma,0.00010675776662752215
class,0.0007473043663926551
bare,0.00010675776662752215
even-numb,0.00010675776662752215
fft,0.0007473043663926551
earli,0.00032027329988256647
psd,0.00010675776662752215
voltag,0.00010675776662752215
bunch,0.00010675776662752215
there,0.0004270310665100886
illustr,0.0005337888331376108
wristband,0.00010675776662752215
clip,0.00010675776662752215
recov,0.0005337888331376108
proper,0.00010675776662752215
style,0.00032027329988256647
convinc,0.0002135155332550443
connect,0.0002135155332550443
brush,0.00010675776662752215
quiz,0.0007473043663926551
cours,0.008113590263691683
nth,0.00032027329988256647
individu,0.00010675776662752215
clarif,0.0014946087327853102
non,0.0002135155332550443
opinion,0.0002135155332550443
redefin,0.00010675776662752215
magnitud,0.00032027329988256647
task,0.00032027329988256647
somewhat,0.0009608198996476993
literatur,0.0005337888331376108
permiss,0.00010675776662752215
technolog,0.00010675776662752215
ww,0.00010675776662752215
transmiss,0.0002135155332550443
that,0.0002135155332550443
power,0.002135155332550443
rich,0.00010675776662752215
duplic,0.0002135155332550443
filter,0.002668944165688054
christian,0.00010675776662752215
scheme,0.00032027329988256647
thu,0.00032027329988256647
correl,0.0006405465997651329
faith,0.00010675776662752215
deliber,0.00010675776662752215
quantiz,0.0004270310665100886
plausibl,0.00010675776662752215
rest,0.00010675776662752215
minu,0.0004270310665100886
length,0.0018148820326678765
tick,0.00010675776662752215
contradict,0.00010675776662752215
summat,0.0008540621330201772
adc,0.00010675776662752215
obvious,0.00010675776662752215
commerci,0.00010675776662752215
delta,0.0007473043663926551
provok,0.00010675776662752215
measur,0.0004270310665100886
queston,0.00010675776662752215
locat,0.00010675776662752215
substitut,0.00032027329988256647
higher,0.0002135155332550443
firstli,0.00010675776662752215
terminolog,0.00032027329988256647
recogniz,0.00010675776662752215
engulf,0.00010675776662752215
unconvinc,0.00010675776662752215
ration,0.0006405465997651329
email,0.00010675776662752215
mechan,0.00010675776662752215
tangibl,0.00010675776662752215
wrote,0.00010675776662752215
julian,0.00010675776662752215
vladimir,0.0002135155332550443
rigor,0.0004270310665100886
increasingli,0.00010675776662752215
max,0.0006405465997651329
path,0.00010675776662752215
foundat,0.0002135155332550443
privaci,0.00010675776662752215
necessarili,0.0002135155332550443
replac,0.00010675776662752215
multi-answ,0.00010675776662752215
apolog,0.00032027329988256647
make,0.0023486708658054874
fail,0.0002135155332550443
differ,0.002668944165688054
inner,0.002668944165688054
moment,0.0002135155332550443
avail,0.0016013664994128324
inf,0.0002135155332550443
criterion,0.00010675776662752215
hypothesi,0.00010675776662752215
ad,0.00032027329988256647
densiti,0.00010675776662752215
random,0.0004270310665100886
calcul,0.0017081242660403543
estonia,0.00010675776662752215
rowton,0.0002135155332550443
null,0.00010675776662752215
anywher,0.00010675776662752215
root,0.00010675776662752215
argument,0.00032027329988256647
oddli,0.00010675776662752215
procedur,0.00010675776662752215
moving-averag,0.0002135155332550443
demonstr,0.00010675776662752215
power-spectral-dens,0.00010675776662752215
point,0.004163552898473364
achiev,0.00010675776662752215
bonn,0.00010675776662752215
heavisid,0.00010675776662752215
explain,0.0019216397992953987
cauchi,0.00010675776662752215
knowledg,0.0005337888331376108
orthonorm,0.0008540621330201772
deeper,0.00010675776662752215
parallel,0.00010675776662752215
contract,0.00010675776662752215
tip,0.0002135155332550443
around,0.0010675776662752215
tame,0.00010675776662752215
two,0.0030959752321981426
massiv,0.00010675776662752215
could,0.0033094907654531865
doh,0.00010675776662752215
extend,0.00032027329988256647
ist,0.0002135155332550443
lyon,0.0002135155332550443
data,0.0010675776662752215
easili,0.00010675776662752215
mathematician,0.0006405465997651329
design,0.0004270310665100886
rf,0.00010675776662752215
invers,0.0002135155332550443
known,0.00032027329988256647
result,0.002028397565922921
awesom,0.00032027329988256647
geophysicist,0.00010675776662752215
telecommun,0.00010675776662752215
wk,0.0002135155332550443
fewer,0.0002135155332550443
neg,0.00032027329988256647
consist,0.0002135155332550443
hard,0.0007473043663926551
experi,0.0008540621330201772
slow,0.0002135155332550443
machin,0.00010675776662752215
address,0.00010675776662752215
introduct,0.00010675776662752215
guidelin,0.00010675776662752215
mooc,0.0009608198996476993
dim,0.00010675776662752215
mute,0.00010675776662752215
specif,0.0004270310665100886
diagram,0.0007473043663926551
switch,0.00010675776662752215
coordin,0.00010675776662752215
mis-understood,0.00010675776662752215
understood,0.00010675776662752215
extract,0.00010675776662752215
ye,0.00010675776662752215
beyond,0.00010675776662752215
horribl,0.00010675776662752215
vagu,0.00010675776662752215
border,0.00010675776662752215
librari,0.0002135155332550443
yet,0.0007473043663926551
continuous-tim,0.00010675776662752215
join,0.00010675776662752215
schaedler,0.00010675776662752215
delay,0.0011743354329027437
licens,0.00010675776662752215
act,0.00010675776662752215
construct,0.0004270310665100886
among,0.0004270310665100886
grasp,0.0002135155332550443
equ,0.0002135155332550443
real-world,0.0002135155332550443
px,0.00010675776662752215
homework,0.004910857264866019
prefac,0.00010675776662752215
continu,0.0009608198996476993
lead,0.00010675776662752215
verif,0.00010675776662752215
pixel,0.00032027329988256647
fellow,0.00010675776662752215
felix,0.0002135155332550443
chang,0.0012810931995302659
latest,0.00010675776662752215
juan,0.00010675776662752215
non-standard,0.00010675776662752215
outcom,0.00010675776662752215
identifi,0.0004270310665100886
orthogon,0.0012810931995302659
sum,0.0023486708658054874
rush,0.00010675776662752215
web,0.0002135155332550443
incorrect,0.0004270310665100886
youth,0.00010675776662752215
the,0.0006405465997651329
concentr,0.0002135155332550443
thread,0.0005337888331376108
cycl,0.0002135155332550443
convent,0.0002135155332550443
zero-pad,0.00010675776662752215
diagramm,0.00010675776662752215
schedul,0.0002135155332550443
notion,0.00010675776662752215
impulse-respons,0.0005337888331376108
bad,0.00032027329988256647
assert,0.00010675776662752215
final,0.0012810931995302659
log,0.00032027329988256647
theori,0.00032027329988256647
page,0.0012810931995302659
curv,0.00010675776662752215
revisit,0.00010675776662752215
first,0.0025621863990605317
manual,0.00010675776662752215
lecctur,0.00010675776662752215
rescu,0.00010675776662752215
unfortun,0.00032027329988256647
reason,0.0005337888331376108
clean,0.00010675776662752215
year,0.0005337888331376108
dead,0.0002135155332550443
wait,0.00010675776662752215
site,0.0002135155332550443
erron,0.00010675776662752215
confoc,0.00010675776662752215
rais,0.0002135155332550443
finish,0.00032027329988256647
valu,0.0033094907654531865
boundari,0.00010675776662752215
quick,0.00010675776662752215
test,0.00032027329988256647
nxn,0.00010675776662752215
automat,0.0002135155332550443
work,0.002668944165688054
penalti,0.00032027329988256647
interview,0.00032027329988256647
vs,0.0006405465997651329
spectral,0.0004270310665100886
true,0.0005337888331376108
dualiti,0.00010675776662752215
mislead,0.00010675776662752215
question,0.018148820326678767
deviat,0.00010675776662752215
inherit,0.00010675776662752215
dct,0.0010675776662752215
relev,0.00032027329988256647
break,0.00010675776662752215
andi,0.00010675776662752215
he,0.00010675776662752215
coursework,0.00010675776662752215
tool,0.00010675776662752215
expon,0.00032027329988256647
beg,0.00010675776662752215
solid,0.0002135155332550443
whi,0.00010675776662752215
regardless,0.0002135155332550443
mean,0.00747304366392655
somebodi,0.0002135155332550443
equival,0.00010675776662752215
except,0.0002135155332550443
dave,0.00010675776662752215
signific,0.0002135155332550443
radian,0.0002135155332550443
coeff,0.00032027329988256647
solut,0.0023486708658054874
prefer,0.0005337888331376108
compos,0.0002135155332550443
strong,0.00010675776662752215
near,0.00032027329988256647
think,0.003736521831963275
button,0.00010675776662752215
alias,0.0010675776662752215
aoov,0.00010675776662752215
better,0.0008540621330201772
fill,0.0002135155332550443
interpol,0.0009608198996476993
db,0.00010675776662752215
seemingli,0.00010675776662752215
scenario,0.00010675776662752215
gram-schmidt,0.00010675776662752215
tone,0.001387850966157788
causal,0.0008540621330201772
hold,0.00010675776662752215
colleagu,0.00010675776662752215
nice,0.0011743354329027437
separ,0.0004270310665100886
heat,0.00010675776662752215
releas,0.0004270310665100886
submiss,0.0004270310665100886
cordolino,0.00010675776662752215
reson,0.00032027329988256647
aah-hah,0.00010675776662752215
write,0.002135155332550443
happi,0.00032027329988256647
left,0.0002135155332550443
account,0.0007473043663926551
yield,0.00032027329988256647
entri,0.0002135155332550443
permit,0.0002135155332550443
perhap,0.0007473043663926551
sx,0.00032027329988256647
attach,0.0002135155332550443
use,0.011102807729262304
explicitli,0.0002135155332550443
set,0.0017081242660403543
function,0.005337888331376108
shock,0.00010675776662752215
formula,0.0029892174655706204
disappoint,0.00010675776662752215
rang,0.00032027329988256647
implicitli,0.00010675776662752215
assembl,0.00010675776662752215
odd,0.0006405465997651329
formal,0.00032027329988256647
french,0.00010675776662752215
engag,0.00010675776662752215
approxim,0.0002135155332550443
linearli,0.0004270310665100886
built,0.00010675776662752215
consid,0.0007473043663926551
effici,0.00010675776662752215
dont,0.0002135155332550443
fairli,0.00032027329988256647
telephoni,0.00010675776662752215
somehow,0.00032027329988256647
heard,0.00010675776662752215
everi,0.0008540621330201772
irrat,0.0002135155332550443
who,0.00010675776662752215
keyword,0.00010675776662752215
frame,0.00010675776662752215
format,0.0010675776662752215
ident,0.0002135155332550443
peak,0.00032027329988256647
cumbersom,0.00010675776662752215
pdf,0.00010675776662752215
contour,0.0002135155332550443
refer,0.0010675776662752215
simul,0.00010675776662752215
consequ,0.00010675776662752215
wikipedia,0.00032027329988256647
benefit,0.00010675776662752215
quit,0.0011743354329027437
ate,0.00010675776662752215
tell,0.0008540621330201772
frustrat,0.00032027329988256647
late,0.0004270310665100886
observ,0.00010675776662752215
wki,0.00010675776662752215
main,0.0002135155332550443
appreci,0.0017081242660403543
latex,0.00010675776662752215
oper,0.0019216397992953987
extens,0.0002135155332550443
queri,0.00010675776662752215
re-arrang,0.00010675776662752215
full,0.0002135155332550443
blank,0.00010675776662752215
stile,0.00010675776662752215
lack,0.00032027329988256647
theorem,0.0011743354329027437
accelerationx,0.00010675776662752215
distribut,0.0002135155332550443
perform,0.0004270310665100886
pair,0.00032027329988256647
round,0.00032027329988256647
saturday,0.00010675776662752215
ll,0.00010675776662752215
dtmf,0.0002135155332550443
recent,0.00032027329988256647
move,0.00010675776662752215
awar,0.0002135155332550443
halfway,0.00010675776662752215
rotat,0.00010675776662752215
must,0.0008540621330201772
dial,0.00032027329988256647
lost,0.00010675776662752215
done,0.0008540621330201772
good,0.0010675776662752215
exact,0.00010675776662752215
fun,0.00032027329988256647
multipl,0.002775701932315576
bandwidth,0.00032027329988256647
word,0.0004270310665100886
satisfi,0.0006405465997651329
in,0.0004270310665100886
modifi,0.00032027329988256647
scientif,0.00010675776662752215
unabl,0.0002135155332550443
respons,0.0006405465997651329
spot,0.00010675776662752215
creat,0.00010675776662752215
know,0.004163552898473364
put,0.0007473043663926551
spectrum,0.0016013664994128324
equal,0.002028397565922921
handi,0.00010675776662752215
sens,0.0004270310665100886
press,0.00010675776662752215
frequency-spectrum,0.0004270310665100886
self-assess,0.00010675776662752215
continuous-sign,0.00010675776662752215
perplex,0.00010675776662752215
minor,0.0002135155332550443
forc,0.00010675776662752215
comfort,0.0002135155332550443
throw,0.00010675776662752215
chapter,0.00032027329988256647
toward,0.00010675776662752215
neither,0.0002135155332550443
meet,0.00032027329988256647
watkinson,0.00010675776662752215
paragraph,0.00010675776662752215
lti,0.00010675776662752215
hertz,0.00010675776662752215
glean,0.00010675776662752215
exercis,0.00010675776662752215
anim,0.00010675776662752215
intrigu,0.00010675776662752215
speci,0.00010675776662752215
circl,0.0006405465997651329
pointer,0.0002135155332550443
autocorrel,0.0002135155332550443
triangular,0.00010675776662752215
search,0.00010675776662752215
polynomi,0.0005337888331376108
extra,0.00010675776662752215
captit,0.00010675776662752215
solidifi,0.00010675776662752215
graph,0.0016013664994128324
lowest,0.00010675776662752215
karplu,0.00010675776662752215
entir,0.0004270310665100886
conserv,0.00010675776662752215
whatev,0.0002135155332550443
variabl,0.0008540621330201772
guid,0.0002135155332550443
hardli,0.00010675776662752215
phase,0.0009608198996476993
liberti,0.00032027329988256647
arrang,0.0002135155332550443
pleas,0.003736521831963275
accord,0.00010675776662752215
revert,0.00010675776662752215
muscl,0.00010675776662752215
wave,0.0007473043663926551
number,0.004163552898473364
minim,0.0002135155332550443
key,0.0002135155332550443
fiber,0.00010675776662752215
term,0.0008540621330201772
espcial,0.00010675776662752215
raw,0.00032027329988256647
fine,0.0002135155332550443
distanc,0.0002135155332550443
statement,0.001387850966157788
offici,0.00010675776662752215
section,0.0005337888331376108
collect,0.0002135155332550443
discharg,0.0002135155332550443
lapsu,0.00010675776662752215
kick,0.00010675776662752215
explicit,0.00010675776662752215
cement,0.00010675776662752215
confirm,0.0004270310665100886
earlier,0.00032027329988256647
mix,0.0002135155332550443
engin,0.0016013664994128324
enough,0.0006405465997651329
or,0.0002135155332550443
sax,0.00010675776662752215
raci,0.00010675776662752215
angelo,0.00010675776662752215
adopt,0.00010675776662752215
lookalik,0.00010675776662752215
stuck,0.0007473043663926551
ambigu,0.00032027329988256647
voic,0.00010675776662752215
staff,0.0008540621330201772
tri,0.003523006298708231
forum,0.0005337888331376108
plural,0.00010675776662752215
care,0.0004270310665100886
actual,0.0012810931995302659
financi,0.00010675776662752215
blue,0.0002135155332550443
select,0.0010675776662752215
four,0.00010675776662752215
may,0.0016013664994128324
cedric,0.00010675776662752215
conclud,0.00010675776662752215
neglig,0.00010675776662752215
even,0.0018148820326678765
guess,0.0006405465997651329
normalis,0.00010675776662752215
tend,0.0002135155332550443
luck,0.00010675776662752215
conjug,0.0006405465997651329
sampl,0.007152770364043984
detail,0.0007473043663926551
hi,0.0032027329988256648
saw,0.0004270310665100886
help,0.00395003736521832
reverber,0.00010675776662752215
integ,0.0006405465997651329
wan,0.00010675776662752215
sent,0.00032027329988256647
success,0.00032027329988256647
cannot,0.0007473043663926551
plu,0.0002135155332550443
job,0.00010675776662752215
assign,0.0007473043663926551
import,0.0007473043663926551
student,0.0012810931995302659
dual-ton,0.0002135155332550443
possbili,0.00010675776662752215
unlik,0.0002135155332550443
expect,0.0004270310665100886
somewher,0.0005337888331376108
au,0.00010675776662752215
watch,0.0002135155332550443
comput,0.0018148820326678765
note,0.0012810931995302659
thing,0.0011743354329027437
finit,0.0005337888331376108
elabor,0.0002135155332550443
singl,0.0002135155332550443
highli,0.00010675776662752215
querstion,0.00010675776662752215
softwar,0.0002135155332550443
excit,0.00010675776662752215
usabl,0.00010675776662752215
label,0.00010675776662752215
depend,0.0007473043663926551
input,0.0009608198996476993
focuss,0.00010675776662752215
copi,0.00010675776662752215
autoconvolut,0.00010675776662752215
time-frequ,0.00010675776662752215
rusti,0.0002135155332550443
deepli,0.00010675776662752215
reconstruct,0.0004270310665100886
typic,0.00010675776662752215
misinterpret,0.00010675776662752215
hit,0.0002135155332550443
made,0.0006405465997651329
output,0.0008540621330201772
assess,0.0002135155332550443
therefor,0.0011743354329027437
third,0.0002135155332550443
off-lin,0.00010675776662752215
instruct,0.00032027329988256647
euler,0.0002135155332550443
logic,0.0002135155332550443
admit,0.0002135155332550443
elsewher,0.00010675776662752215
littl,0.0004270310665100886
decod,0.00032027329988256647
check,0.0008540621330201772
mayb,0.0009608198996476993
exploit,0.0002135155332550443
master,0.00010675776662752215
trigonometr,0.00010675776662752215
matplotlib,0.00010675776662752215
catch,0.00010675776662752215
half,0.00032027329988256647
dtft,0.0029892174655706204
pulsat,0.00010675776662752215
link,0.0009608198996476993
amplitud,0.0006405465997651329
chri,0.00010675776662752215
generos,0.00010675776662752215
combin,0.00032027329988256647
english,0.00010675776662752215
occasion,0.00010675776662752215
pad,0.0002135155332550443
come,0.0016013664994128324
mathemat,0.0010675776662752215
featur,0.00010675776662752215
goodby,0.00010675776662752215
anyth,0.0007473043663926551
bandpass,0.00010675776662752215
bibo,0.00010675776662752215
transfer-funct,0.0006405465997651329
anaconda,0.00010675776662752215
undergradu,0.00010675776662752215
deadlin,0.0002135155332550443
fulli,0.0005337888331376108
win,0.00010675776662752215
obviou,0.0008540621330201772
approx,0.00010675776662752215
peopl,0.0007473043663926551
listen,0.0002135155332550443
hope,0.0005337888331376108
convers,0.0002135155332550443
verilog,0.00010675776662752215
infin,0.0004270310665100886
transform,0.0009608198996476993
henc,0.0002135155332550443
time-revers,0.00010675776662752215
dummi,0.00010675776662752215
ratio,0.00032027329988256647
titl,0.0006405465997651329
fluentli,0.00010675776662752215
still,0.002241913099177965
worthwhil,0.00010675776662752215
clearli,0.0004270310665100886
past,0.00010675776662752215
aperiod,0.0002135155332550443
excel,0.0002135155332550443
chew,0.00010675776662752215
knuckl,0.00010675776662752215
hang,0.00010675776662752215
highpass,0.00010675776662752215
manner,0.0002135155332550443
longer,0.00010675776662752215
microscopi,0.00010675776662752215
notch,0.00032027329988256647
karplus-strong,0.0005337888331376108
rate,0.001387850966157788
idea,0.0012810931995302659
repeat,0.00032027329988256647
slipperi,0.00010675776662752215
judg,0.00010675776662752215
space,0.0012810931995302659
m-step,0.00010675776662752215
applic,0.0007473043663926551
sin,0.0006405465997651329
mess,0.00010675776662752215
imagin,0.0004270310665100886
new,0.0002135155332550443
compar,0.00032027329988256647
anybodi,0.0005337888331376108
brute,0.00010675776662752215
cello,0.00010675776662752215
sensit,0.00010675776662752215
believ,0.0008540621330201772
system,0.0011743354329027437
conveni,0.00032027329988256647
show,0.0011743354329027437
discuss,0.0006405465997651329
learn,0.0016013664994128324
contact,0.00010675776662752215
ts,0.0002135155332550443
subject,0.0002135155332550443
tackl,0.00010675776662752215
cover,0.0005337888331376108
pre-sampl,0.00010675776662752215
puzzl,0.0002135155332550443
distort,0.0002135155332550443
budget,0.00010675776662752215
stump,0.00010675776662752215
sai,0.00010675776662752215
sort,0.0002135155332550443
quantiti,0.00010675776662752215
probabl,0.0009608198996476993
kindli,0.00010675776662752215
goal,0.00010675776662752215
lye,0.00010675776662752215
where,0.00010675776662752215
thought-through,0.00010675776662752215
reduc,0.0002135155332550443
eg,0.0002135155332550443
doubt,0.0004270310665100886
clue,0.00010675776662752215
becam,0.00010675776662752215
audio,0.0010675776662752215
life,0.00032027329988256647
notif,0.00010675776662752215
techniqu,0.00032027329988256647
taylor,0.00010675776662752215
simplif,0.00010675776662752215
tune,0.00010675776662752215
march,0.0002135155332550443
outsid,0.00032027329988256647
base,0.0017081242660403543
contain,0.0006405465997651329
abl,0.0010675776662752215
tradit,0.00032027329988256647
coars,0.00010675776662752215
yesterday,0.00010675776662752215
synthesi,0.00010675776662752215
interpret,0.0010675776662752215
typo,0.0004270310665100886
circuit,0.00010675776662752215
big,0.00010675776662752215
rect,0.00032027329988256647
track,0.00010675776662752215
proceed,0.00010675776662752215
often,0.0002135155332550443
echo,0.0002135155332550443
unbound,0.00010675776662752215
mit,0.00010675776662752215
edx,0.00010675776662752215
column,0.0005337888331376108
algoritm,0.0002135155332550443
articl,0.00010675776662752215
welcom,0.0002135155332550443
handwrit,0.00010675776662752215
gentl,0.00010675776662752215
similar,0.0006405465997651329
referenc,0.00010675776662752215
distract,0.0002135155332550443
way,0.0030959752321981426
simpli,0.0005337888331376108
posit,0.0007473043663926551
lowercas,0.0002135155332550443
telomer,0.00010675776662752215
encourag,0.00010675776662752215
newcom,0.00010675776662752215
infinit,0.0010675776662752215
list,0.0005337888331376108
norm,0.0005337888331376108
signal,0.010782534429379738
much,0.001387850966157788
dot,0.00010675776662752215
sentenc,0.0004270310665100886
hello,0.002135155332550443
fastest,0.0002135155332550443
alway,0.0025621863990605317
glad,0.00010675776662752215
denot,0.00010675776662752215
explod,0.00010675776662752215
rather,0.0007473043663926551
run,0.00032027329988256647
possibl,0.002135155332550443
phone,0.00010675776662752215
analysi,0.0004270310665100886
call,0.0005337888331376108
grade,0.0010675776662752215
optic,0.00010675776662752215
everyth,0.00010675776662752215
paterson-stephen,0.00010675776662752215
imaginari,0.0005337888331376108
iter,0.0002135155332550443
read,0.0017081242660403543
hint,0.001387850966157788
silli,0.00010675776662752215
region,0.00032027329988256647
concret,0.00010675776662752215
talk,0.0009608198996476993
would,0.005551403864631152
back,0.0010675776662752215
plane,0.00032027329988256647
place,0.00032027329988256647
receiv,0.00032027329988256647
hadn,0.00010675776662752215
monday,0.00032027329988256647
perus,0.00010675776662752215
propos,0.0002135155332550443
adapt,0.0002135155332550443
worth,0.0002135155332550443
flood,0.00010675776662752215
facetim,0.00010675776662752215
alpha,0.00010675776662752215
appear,0.00032027329988256647
though,0.0006405465997651329
scalar,0.0007473043663926551
explor,0.0002135155332550443
transmit,0.0002135155332550443
till,0.00010675776662752215
develop,0.0002135155332550443
grader,0.0002135155332550443
packet,0.00010675776662752215
symbol,0.0002135155332550443
teacher,0.0006405465997651329
bit-rat,0.0002135155332550443
whether,0.0014946087327853102
qam,0.00032027329988256647
adastr,0.00010675776662752215
notat,0.0010675776662752215
pretti,0.00032027329988256647
per,0.0005337888331376108
compon,0.0009608198996476993
ccde,0.00032027329988256647
scilab,0.00010675776662752215
critic,0.00010675776662752215
stuff,0.00010675776662752215
how,0.00010675776662752215
converg,0.0005337888331376108
retrospect,0.00010675776662752215
exceed,0.00010675776662752215
window,0.00010675776662752215
figur,0.0008540621330201772
otherwis,0.00032027329988256647
chosen,0.00010675776662752215
minimum,0.0006405465997651329
arrow,0.00010675776662752215
practis,0.00010675776662752215
exist,0.0006405465997651329
factor,0.0010675776662752215
trick,0.0005337888331376108
felt,0.0002135155332550443
speech-recognit,0.00010675776662752215
edg,0.00010675776662752215
one,0.007366285897299029
squar,0.0002135155332550443
dual,0.00010675776662752215
els,0.0002135155332550443
arriv,0.0002135155332550443
assumpt,0.00032027329988256647
freeload,0.00010675776662752215
wide,0.0002135155332550443
last,0.001387850966157788
expoent,0.00010675776662752215
feel,0.0010675776662752215
summabl,0.00010675776662752215
aris,0.00032027329988256647
lectur,0.008113590263691683
aspect,0.00010675776662752215
increas,0.0008540621330201772
instanten,0.00010675776662752215
crack,0.00010675776662752215
fourier,0.0009608198996476993
background,0.0005337888331376108
pure,0.0004270310665100886
ee,0.00010675776662752215
finite-support,0.00032027329988256647
finger,0.0002135155332550443
angl,0.00010675776662752215
period,0.004697341731610975
suspect,0.00010675776662752215
shoud,0.00010675776662752215
invert,0.00010675776662752215
progress,0.00032027329988256647
jump,0.0002135155332550443
trough,0.0005337888331376108
admir,0.00010675776662752215
human,0.00010675776662752215
state,0.0012810931995302659
energi,0.002135155332550443
crest,0.0002135155332550443
idtft,0.0002135155332550443
sheet,0.00010675776662752215
partial,0.00010675776662752215
struggl,0.0007473043663926551
ago,0.0002135155332550443
educ,0.0002135155332550443
health,0.00010675776662752215
handl,0.00010675776662752215
hasn,0.0002135155332550443
junk,0.00010675776662752215
like,0.00448382619835593
formulaefor,0.00010675776662752215
intent,0.0004270310665100886
exponenti,0.0009608198996476993
given,0.0029892174655706204
frequenc,0.00790007473043664
corwin,0.00010675776662752215
predict,0.00010675776662752215
cumul,0.00010675776662752215
lose,0.00010675776662752215
invari,0.0005337888331376108
yr,0.00010675776662752215
acceleratinz,0.00010675776662752215
unintent,0.00010675776662752215
seen,0.0007473043663926551
loss,0.0002135155332550443
chirp,0.0002135155332550443
couldn,0.0002135155332550443
crash,0.00010675776662752215
manipul,0.00010675776662752215
fals,0.0002135155332550443
attempt,0.0002135155332550443
imsiz,0.0005337888331376108
discret,0.001387850966157788
degener,0.00010675776662752215
faster,0.00010675776662752215
terribl,0.00010675776662752215
pictur,0.0009608198996476993
coprim,0.0002135155332550443
capacitor,0.0002135155332550443
intern,0.00010675776662752215
lower,0.0008540621330201772
sine,0.0006405465997651329
represent,0.0005337888331376108
month,0.00010675776662752215
grow,0.00010675776662752215
grate,0.0002135155332550443
bound,0.00032027329988256647
case,0.002775701932315576
fond,0.00010675776662752215
suit,0.00010675776662752215
refresh,0.00010675776662752215
inspir,0.00010675776662752215
hw,0.0025621863990605317
math-fu,0.00010675776662752215
divid,0.0002135155332550443
written,0.0006405465997651329
old-school,0.00010675776662752215
sign,0.0005337888331376108
great,0.0005337888331376108
right,0.0018148820326678765
accept,0.0004270310665100886
closest,0.00032027329988256647
btw,0.00010675776662752215
ever,0.00010675776662752215
difer,0.00010675776662752215
c-valu,0.00010675776662752215
custom,0.00032027329988256647
to,0.0002135155332550443
plot,0.0009608198996476993
confid,0.0002135155332550443
bk,0.0002135155332550443
memori,0.0002135155332550443
brought,0.00010675776662752215
radio,0.00032027329988256647
confus,0.002241913099177965
classmat,0.00010675776662752215
colum,0.00010675776662752215
easi,0.0007473043663926551
three,0.0006405465997651329
bonu,0.00010675776662752215
got,0.0005337888331376108
what,0.0007473043663926551
improv,0.0006405465997651329
highpass-filt,0.00010675776662752215
knew,0.00010675776662752215
polici,0.00010675776662752215
difficulti,0.0002135155332550443
goe,0.0007473043663926551
road,0.00010675776662752215
recal,0.00032027329988256647
effort,0.0002135155332550443
implement,0.0008540621330201772
postiv,0.00010675776662752215
disagre,0.0002135155332550443
booksel,0.00010675776662752215
specifi,0.00032027329988256647
suppos,0.0011743354329027437
discrete-tim,0.00032027329988256647
complet,0.0014946087327853102
pars,0.0002135155332550443
greater,0.00010675776662752215
microprocessor,0.00010675776662752215
well,0.0016013664994128324
revers,0.0004270310665100886
speech,0.00032027329988256647
matur,0.00010675776662752215
remain,0.00032027329988256647
gastroparesi,0.00010675776662752215
each,0.0002135155332550443
deriv,0.0012810931995302659
insid,0.00010675776662752215
tini,0.00010675776662752215
structur,0.0002135155332550443
rid,0.00010675776662752215
turn,0.0005337888331376108
dimens,0.0008540621330201772
arg,0.00010675776662752215
wrong,0.0018148820326678765
exclud,0.00010675776662752215
doubl,0.00010675776662752215
mistak,0.0006405465997651329
df,0.0010675776662752215
immedi,0.0002135155332550443
answer,0.008540621330201772
decreas,0.0002135155332550443
mod,0.0004270310665100886
relat,0.0008540621330201772
practic,0.003523006298708231
addit,0.001387850966157788
transpos,0.00010675776662752215
initi,0.0002135155332550443
clock,0.0002135155332550443
linear-algebra,0.00010675776662752215
kth,0.0002135155332550443
name,0.0009608198996476993
illeg,0.00010675776662752215
ks,0.00010675776662752215
downsampl,0.00032027329988256647
accur,0.00010675776662752215
unfamiliar,0.00010675776662752215
fourier-transform,0.0008540621330201772
correspond,0.0010675776662752215
fit,0.0004270310665100886
older,0.0002135155332550443
gener,0.0016013664994128324
forget,0.0002135155332550443
insructor,0.00010675776662752215
latter,0.0002135155332550443
suggest,0.0005337888331376108
whera,0.00010675776662752215
context,0.00010675776662752215
binari,0.00010675776662752215
algorithm,0.0009608198996476993
comment,0.0019216397992953987
radiu,0.00010675776662752215
desir,0.0002135155332550443
zero,0.002241913099177965
non-finit,0.00010675776662752215
condit,0.00032027329988256647
inclus,0.00010675776662752215
object,0.0002135155332550443
super,0.00032027329988256647
order,0.0009608198996476993
dear,0.0012810931995302659
told,0.0002135155332550443
besid,0.00010675776662752215
becom,0.0005337888331376108
verifi,0.00010675776662752215
degre,0.0007473043663926551
area,0.0006405465997651329
basi,0.0032027329988256648
save,0.0002135155332550443
unnecessari,0.00010675776662752215
mhz,0.0002135155332550443
abstract,0.0005337888331376108
cheer,0.00010675776662752215
everyon,0.0006405465997651329
from,0.0004270310665100886
luiz,0.00010675776662752215
beer,0.00010675776662752215
on,0.00010675776662752215
took,0.00032027329988256647
long,0.0005337888331376108
decid,0.0002135155332550443
explan,0.002135155332550443
slope,0.00010675776662752215
scour,0.00010675776662752215
studi,0.00032027329988256647
checkbox,0.00010675776662752215
bold,0.00010675776662752215
symmetri,0.00010675776662752215
wider,0.00010675776662752215
konw,0.00010675776662752215
familiar,0.0006405465997651329
attract,0.00010675776662752215
zone,0.00010675776662752215
count,0.0009608198996476993
endeavor,0.00010675776662752215
spec,0.00010675776662752215
unless,0.0002135155332550443
perspect,0.0002135155332550443
upper,0.0004270310665100886
visual,0.00032027329988256647
inform,0.0005337888331376108
by,0.00010675776662752215
access,0.00010675776662752215
free,0.0005337888331376108
associ,0.00032027329988256647
least,0.0012810931995302659
stylu,0.00010675776662752215
meant,0.00032027329988256647
world,0.00010675776662752215
numer,0.0005337888331376108
process,0.0033094907654531865
build,0.00010675776662752215
next,0.0008540621330201772
independ,0.0005337888331376108
coeffici,0.0018148820326678765
spectrogram,0.0002135155332550443
part,0.002028397565922921
needless,0.00010675776662752215
teach,0.00032027329988256647
shouldn,0.0002135155332550443
purpos,0.00032027329988256647
second-hand,0.00010675776662752215
restrict,0.00032027329988256647
provid,0.0010675776662752215
easy-to-understand,0.00010675776662752215
prandoni,0.00010675776662752215
highest,0.00032027329988256647
regist,0.00010675776662752215
logarithm,0.00032027329988256647
yuxiao,0.00010675776662752215
grid,0.00010675776662752215
narrow,0.0002135155332550443
elud,0.00010675776662752215
howev,0.0032027329988256648
dsp,0.0029892174655706204
properti,0.0008540621330201772
togheth,0.00010675776662752215
instructor,0.00032027329988256647
jack,0.0002135155332550443
tf,0.00032027329988256647
wh,0.00010675776662752215
eigenvalu,0.00010675776662752215
indian,0.00010675776662752215
touchscreen,0.00010675776662752215
former,0.00010675776662752215
sometim,0.00032027329988256647
center,0.00010675776662752215
lowecas,0.00010675776662752215
take,0.0019216397992953987
reproduc,0.0002135155332550443
python,0.0009608198996476993
sound,0.0009608198996476993
cosin,0.0006405465997651329
gain,0.0005337888331376108
inde,0.00010675776662752215
devot,0.00010675776662752215
convey,0.0002135155332550443
powerpoint,0.00010675776662752215
element,0.0004270310665100886
yeah,0.00010675776662752215
multipli,0.0009608198996476993
resolut,0.0004270310665100886
sure,0.002241913099177965
expos,0.00010675776662752215
intend,0.0006405465997651329
subscript,0.0006405465997651329
begin,0.0002135155332550443
board,0.00010675776662752215
forward,0.00010675776662752215
thank,0.009608198996476993
ak,0.0005337888331376108
knack,0.00010675776662752215
rare,0.0002135155332550443
salut,0.00010675776662752215
averag,0.00032027329988256647
accomplish,0.00032027329988256647
acoust,0.00010675776662752215
remov,0.00010675776662752215
unfair,0.00010675776662752215
heart,0.00010675776662752215
gotten,0.00010675776662752215
insight,0.0006405465997651329
say,0.0032027329988256648
let,0.002135155332550443
nyquist,0.0007473043663926551
red,0.00010675776662752215
accent,0.00010675776662752215
recip,0.00010675776662752215
impli,0.0008540621330201772
spend,0.00032027329988256647
click,0.00032027329988256647
alreadi,0.001387850966157788
credit,0.0007473043663926551
report,0.0002135155332550443
play,0.0005337888331376108
abil,0.0002135155332550443
epfl,0.00010675776662752215
solvabl,0.00010675776662752215
error,0.0016013664994128324
im,0.00010675776662752215
didn,0.0007473043663926551
furthermor,0.00010675776662752215
paper,0.00010675776662752215
zinou,0.00010675776662752215
hermitian-symmetr,0.00010675776662752215
via,0.00032027329988256647
it,0.0023486708658054874
sorri,0.0004270310665100886
compress,0.00010675776662752215
ii,0.00010675776662752215
enjoy,0.00032027329988256647
occur,0.0002135155332550443
analyz,0.00010675776662752215
convalesc,0.00010675776662752215
troubl,0.0002135155332550443
matlab,0.0007473043663926551
syntax,0.0005337888331376108
mine,0.0002135155332550443
corner,0.00032027329988256647
msc,0.00010675776662752215
unsur,0.0002135155332550443
undoubtedli,0.00010675776662752215
learnt,0.00010675776662752215
gather,0.00010675776662752215
scalesi,0.00010675776662752215
square-lik,0.00010675776662752215
algebra,0.00032027329988256647
review,0.0004270310665100886
orgin,0.00010675776662752215
line,0.0014946087327853102
just,0.0002135155332550443
manag,0.00010675776662752215
geometr,0.00032027329988256647
richard,0.0005337888331376108
get,0.006191950464396285
is,0.0002135155332550443
accelerationi,0.00010675776662752215
ignor,0.0006405465997651329
gist,0.00010675776662752215
go,0.0012810931995302659
op-amp,0.0002135155332550443
recommend,0.0005337888331376108
phrase,0.00032027329988256647
express,0.001387850966157788
defin,0.002028397565922921
convolv,0.0002135155332550443
princip,0.00010675776662752215
upload,0.00010675776662752215
denomin,0.0002135155332550443
wors,0.00010675776662752215
butterfli,0.00010675776662752215
eras,0.00010675776662752215
program,0.0005337888331376108
agre,0.00032027329988256647
physic,0.0002135155332550443
method,0.00010675776662752215
sincer,0.0004270310665100886
drum,0.00010675776662752215
reject,0.00010675776662752215
ocr,0.00010675776662752215
domain,0.001387850966157788
allow,0.00032027329988256647
want,0.0017081242660403543
advis,0.00010675776662752215
valid,0.0005337888331376108
jar,0.00010675776662752215
acceler,0.00010675776662752215
need,0.004163552898473364
fascin,0.00010675776662752215
devic,0.00010675776662752215
easier,0.00032027329988256647
realli,0.002775701932315576
displac,0.00010675776662752215
assig,0.00010675776662752215
graphic,0.0006405465997651329
leav,0.0005337888331376108
justifi,0.00010675776662752215
bate,0.00010675776662752215
as,0.00032027329988256647
sub-channel,0.00010675776662752215
fs,0.0005337888331376108
presum,0.0002135155332550443
due,0.0009608198996476993
form,0.0023486708658054874
warrant,0.00010675776662752215
for,0.00032027329988256647
wav,0.00010675776662752215
feedback,0.0010675776662752215
fast,0.0002135155332550443
orthnorm,0.00010675776662752215
assum,0.0017081242660403543
kind,0.0009608198996476993
reach,0.0002135155332550443
narrowband,0.00010675776662752215
exit,0.0002135155332550443
necessari,0.0006405465997651329
waveform,0.0002135155332550443
soon,0.0002135155332550443
everybodi,0.0002135155332550443
bateman,0.00032027329988256647
maximum,0.0010675776662752215
slide,0.0038432795985907974
oo,0.00010675776662752215
math,0.0016013664994128324
sever,0.0004270310665100886
happen,0.0011743354329027437
equalis,0.00010675776662752215
clear,0.0011743354329027437
within,0.00010675776662752215
prove,0.0007473043663926551
glossari,0.00032027329988256647
end,0.0024554286324330096
rapidli,0.00010675776662752215
model,0.00032027329988256647
despit,0.00010675776662752215
share,0.0005337888331376108
handbook,0.00010675776662752215
effect,0.0010675776662752215
edit,0.0002135155332550443
level,0.0002135155332550443
wast,0.00010675776662752215
along,0.00032027329988256647
look,0.002241913099177965
blow,0.0002135155332550443
star,0.0002135155332550443
appar,0.00010675776662752215
pascal,0.00010675776662752215
head,0.0005337888331376108
submit,0.0005337888331376108
instantan,0.0004270310665100886
rememb,0.0002135155332550443
uniqu,0.0002135155332550443
pace,0.00010675776662752215
in-lin,0.00010675776662752215
expand,0.0004270310665100886
cancel,0.0002135155332550443
violin,0.00010675776662752215
eleg,0.0002135155332550443
side,0.0004270310665100886
mention,0.0017081242660403543
tone-di,0.00010675776662752215
opposit,0.00010675776662752215
materi,0.0014946087327853102
expert,0.00010675776662752215
version,0.0004270310665100886
throughput,0.00032027329988256647
option,0.0008540621330201772
multi,0.0002135155332550443
score,0.0012810931995302659
author,0.0002135155332550443
oscil,0.00010675776662752215
week,0.0019216397992953987
neat,0.00010675776662752215
band,0.00010675776662752215
ought,0.00010675776662752215
solv,0.0018148820326678765
cant,0.0002135155332550443
suffici,0.00032027329988256647
omegai,0.00010675776662752215
domin,0.0002135155332550443
arithmet,0.0002135155332550443
occas,0.0002135155332550443
re-phras,0.00010675776662752215
tap,0.00010675776662752215
equidist,0.00010675776662752215
larg,0.00010675776662752215
record,0.0002135155332550443
find,0.003629764065335753
machine-learn,0.0002135155332550443
usual,0.00032027329988256647
octav,0.00010675776662752215
hilbert,0.00032027329988256647
script,0.00032027329988256647
maria,0.0002135155332550443
misunderstand,0.00032027329988256647
cofactor,0.00010675776662752215
proportion,0.00010675776662752215
speak,0.00010675776662752215
releg,0.00010675776662752215
lurk,0.00010675776662752215
lazaru,0.00010675776662752215
suddenli,0.00032027329988256647
small,0.00032027329988256647
advertis,0.00010675776662752215
examp,0.00010675776662752215
digit,0.0016013664994128324
matter,0.0008540621330201772
uniformli,0.00010675776662752215
exactli,0.0006405465997651329
close,0.0002135155332550443
taewoong,0.00032027329988256647
thoght,0.00010675776662752215
stephen,0.00010675776662752215
bb,0.00010675776662752215
stumbl,0.0002135155332550443
comand,0.00010675776662752215
row,0.0010675776662752215
convolut,0.0016013664994128324
ostens,0.00010675776662752215
differenti,0.00032027329988256647
keep,0.0008540621330201772
includ,0.0011743354329027437
block,0.0008540621330201772
buri,0.00010675776662752215
text,0.0016013664994128324
stochast,0.00010675776662752215
pedant,0.00010675776662752215
workload,0.00010675776662752215
stft,0.00010675776662752215
respect,0.0005337888331376108
professor,0.0006405465997651329
real,0.002028397565922921
sinusoid,0.0004270310665100886
away,0.00010675776662752215
merit,0.0002135155332550443
step,0.0018148820326678765
see,0.003523006298708231
